SMILES,Step,NumChild,NumOKChild,AcceptRatio,num_connect,num_vinyl,num_ethynyl
[H][H],0,2,1,0.5,0,0,0
C=C,1,2,1,0.5,0,1,0
C=CC=C,2,6,2,0.3333333333333333,0,2,0
C=CC=CC=C,3,12,4,0.3333333333333333,0,3,0
C=CC=CC(=C)C=C,4,30,5,0.16666666666666666,0,4,0
C=CC=CC(=C)C=CC=C,5,27,2,0.07407407407407407,0,5,0
C=CC=c1ccccc1=C,6,39,1,0.02564102564102564,1,5,0
c1ccc2ccccc2c1,7,12,0,0.0,2,5,0
