SMILES,Step,NumChild,NumOKChild,AcceptRatio,num_connect,num_vinyl,num_ethynyl
[H][H],0,2,1,0.5,0,0,0
C=C,1,2,1,0.5,0,1,0
C=CC=C,2,6,2,0.3333333333333333,0,2,0
C=CC=CC=C,3,12,4,0.3333333333333333,0,3,0
C=CC=CC(=C)C=C,4,30,4,0.13333333333333333,0,4,0
C=C1C=CC=CC=C1,5,17,2,0.11764705882352941,1,4,0
C=CC=C1C=CC=CC=C1,6,28,1,0.03571428571428571,1,5,0
c1ccc2cccc-2cc1,7,23,0,0.0,2,5,0
