SMILES,Step,NumChild,NumOKChild,AcceptRatio,num_connect,num_vinyl,num_ethynyl
[H][H],0,2,1,0.5,0,0,0
C=C,1,2,1,0.5,0,1,0
C=CC=C,2,6,2,0.3333333333333333,0,2,0
C=CC(=C)C=C,3,11,4,0.36363636363636365,0,3,0
C=CC(=C)C(=C)C=C,4,14,3,0.21428571428571427,0,4,0
C=CC1=CC=CC1=C,5,24,2,0.08333333333333333,1,4,0
C=CC=CC1=CC=CC1=C,6,39,1,0.02564102564102564,1,5,0
c1ccc2cccc-2cc1,7,23,0,0.0,2,5,0
