SMILES,Step,NumChild,NumOKChild,AcceptRatio,num_connect,num_vinyl,num_ethynyl
[H][H],0,3,2,0.6666666666666666,0,0,0
c1ccccc1,4,7,2,0.2857142857142857,1,3,0
C=Cc1ccccc1,5,30,3,0.1,1,4,0
C=CC=Cc1ccccc1,6,47,3,0.06382978723404255,1,5,0
C=CC=CC=Cc1ccccc1,7,68,1,0.014705882352941176,1,6,0
c1ccc(-c2ccccc2)cc1,8,23,0,0.0,2,6,0
