SMILES,Step,NumChild,NumOKChild,AcceptRatio,num_connect,num_vinyl,num_ethynyl
[H][H],0,3,2,0.6666666666666666,0,0,0
c1ccccc1,4,7,1,0.14285714285714285,1,3,0
C=Cc1ccccc1,5,30,2,0.06666666666666667,1,4,0
C=CC=Cc1ccccc1,6,47,3,0.06382978723404255,1,5,0
C=CC=CC=Cc1ccccc1,7,68,3,0.04411764705882353,1,6,0
C=CC=CC=CC=Cc1ccccc1,8,93,1,0.010752688172043012,1,7,0
C(=Cc1ccccc1)c1ccccc1,9,33,0,0.0,2,7,0
