SMILES,Step,NumChild,NumOKChild,AcceptRatio,num_connect,num_vinyl,num_ethynyl
[H][H],0,3,2,0.6666666666666666,0,0,0
c1ccccc1,4,7,3,0.42857142857142855,1,3,0
c1ccc2ccccc2c1,7,18,2,0.1111111111111111,2,5,0
c1ccc(-c2cccc3ccccc23)cc1,11,84,4,0.047619047619047616,3,8,0
C=Cc1cccc2cccc(-c3ccccc3)c12,12,96,3,0.03125,3,9,0
C=Cc1cccc(-c2cccc3cccc(C=C)c23)c1,13,141,2,0.014184397163120567,3,10,0
c1ccc2cccc3cccc(c4cccc(c1)c4)c23,14,141,1,0.0070921985815602835,4,10,0
c1cc2cccc3c4cccc5cccc(c(c1)c23)c54,15,32,0,0.0,5,10,0
