SMILES,Step,NumChild,NumOKChild,AcceptRatio,num_connect,num_vinyl,num_ethynyl
[H][H],0,3,2,0.6666666666666666,0,0,0
c1ccccc1,4,7,3,0.42857142857142855,1,3,0
c1ccc(-c2ccccc2)cc1,8,23,3,0.13043478260869565,2,6,0
C=Cc1cccc(-c2ccccc2)c1,9,72,6,0.08333333333333333,2,7,0
C=Cc1cccc(-c2cccc(C=C)c2)c1,10,60,3,0.05,2,8,0
C=CC=Cc1cccc(-c2cccc(C=C)c2)c1,11,143,5,0.03496503496503497,2,9,0
C=CC=Cc1cccc(-c2cccc3ccccc23)c1,13,159,2,0.012578616352201259,3,10,0
c1ccc2cccc3cccc(c4cccc(c1)c4)c23,14,141,1,0.0070921985815602835,4,10,0
c1cc2cccc3c4cccc5cccc(c(c1)c23)c54,15,32,0,0.0,5,10,0
