SMILES,Step,NumChild,NumOKChild,AcceptRatio,num_connect,num_vinyl,num_ethynyl
[H][H],0,3,2,0.6666666666666666,0,0,0
c1ccccc1,4,7,3,0.42857142857142855,1,3,0
C=Cc1ccccc1,5,30,10,0.3333333333333333,1,4,0
C=Cc1ccccc1C=C,6,30,8,0.26666666666666666,1,5,0
c1ccc2ccccc2c1,7,18,2,0.1111111111111111,2,5,0
c1ccc(-c2cccc3ccccc23)cc1,11,84,4,0.047619047619047616,3,8,0
c1ccc2c(-c3cccc4ccccc34)cccc2c1,14,75,1,0.013333333333333334,4,10,0
c1cc2cccc3c4cccc5cccc(c(c1)c23)c54,15,32,0,0.0,5,10,0
